﻿<?xml version="1.0"?>
<doc>
<assembly>
<name>
PasteTools
</name>
</assembly>
<members>
<member name="P:PasteTools.My.Resources.Resources.ResourceManager">
	<summary>
  返回此类使用的缓存的 ResourceManager 实例。
</summary>
</member><member name="P:PasteTools.My.Resources.Resources.Culture">
	<summary>
  使用此强类型资源类，为所有资源查找
  重写当前线程的 CurrentUICulture 属性。
</summary>
</member><member name="T:PasteTools.My.Resources.Resources">
	<summary>
  一个强类型的资源类，用于查找本地化的字符串等。
</summary>
</member><member name="P:PasteTools.My.Resources.Resource.ResourceManager">
	<summary>
  返回此类使用的缓存的 ResourceManager 实例。
</summary>
</member><member name="P:PasteTools.My.Resources.Resource.Culture">
	<summary>
  使用此强类型资源类，为所有资源查找
  重写当前线程的 CurrentUICulture 属性。
</summary>
</member><member name="P:PasteTools.My.Resources.Resource.close_hover">
	<summary>
  查找 System.Drawing.Bitmap 类型的本地化资源。
</summary>
</member><member name="P:PasteTools.My.Resources.Resource.close_normal">
	<summary>
  查找 System.Drawing.Bitmap 类型的本地化资源。
</summary>
</member><member name="P:PasteTools.My.Resources.Resource.close_press">
	<summary>
  查找 System.Drawing.Bitmap 类型的本地化资源。
</summary>
</member><member name="P:PasteTools.My.Resources.Resource.minsize_hover">
	<summary>
  查找 System.Drawing.Bitmap 类型的本地化资源。
</summary>
</member><member name="P:PasteTools.My.Resources.Resource.minsize_normal">
	<summary>
  查找 System.Drawing.Bitmap 类型的本地化资源。
</summary>
</member><member name="P:PasteTools.My.Resources.Resource.minsize_press">
	<summary>
  查找 System.Drawing.Bitmap 类型的本地化资源。
</summary>
</member><member name="T:PasteTools.My.Resources.Resource">
	<summary>
  一个强类型的资源类，用于查找本地化的字符串等。
</summary>
</member>
</members>
</doc>